district,major,precinct
1,1,1
1,1,2
1,1,3
1,1,4
1,1,5
1,1,6
1,1,7
1,1,8
1,1,9
1,1,10
1,1,11
1,1,12
1,1,13
1,1,14
1,1,15
1,1,16
1,1,17
1,1,18
1,1,19
1,1,20
1,1,21
1,1,22
1,1,23
1,1,24
1,1,25
1,1,26
1,1,27
1,1,28
1,1,29
1,1,30
1,1,31
1,1,32
1,1,33
1,1,35
1,1,36
1,1,37
1,1,38
1,1,39
2,2,1
2,2,2
2,2,3
2,2,4
2,2,5
2,2,6
2,2,7
2,2,8
2,2,9
2,2,10
2,2,11
2,2,12
2,2,13
2,2,14
2,2,15
2,2,16
2,2,17
2,2,18
2,2,19
2,2,22
2,2,27
2,2,32
2,2,48
2,2,49
2,2,50
2,2,51
2,2,52
2,2,53
2,2,65
2,2,66
2,2,67
2,2,68
2,2,69
2,2,70
2,2,71
2,2,75
2,2,76
2,2,78
2,2,79
2,3,20
2,3,23
2,3,24
2,3,25
2,3,26
2,3,28
2,3,29
2,3,30
2,3,31
2,3,33
2,3,34
2,3,35
2,3,36
2,3,37
2,3,38
2,3,39
2,3,40
2,3,41
2,3,42
2,3,43
2,3,44
2,3,45
2,3,46
2,3,47
2,3,54
2,3,55
2,3,56
2,3,57
2,3,58
2,3,59
2,3,60
2,3,61
2,3,62
2,3,63
2,3,64
2,3,72
2,3,73
2,3,74
2,3,80
3,4,33
3,4,34
3,4,35
3,4,36
3,4,37
3,4,38
3,4,39
3,4,40
3,4,41
3,4,42
3,4,49
3,4,50
3,4,51
3,4,52
3,4,53
3,4,55
3,4,56
3,4,57
3,4,58
3,4,59
3,4,73
3,4,74
3,4,75
3,4,76
3,4,80
3,4,86
3,4,87
3,4,89
3,4,90
3,5,6
3,5,7
3,5,12
3,5,13
3,5,14
3,5,15
3,5,16
3,5,17
3,5,18
3,5,19
3,5,20
3,5,21
3,5,22
3,5,23
3,5,24
3,5,25
3,5,32
3,5,45
3,5,46
3,5,47
3,5,60
3,5,64
3,5,65
3,5,66
3,5,67
3,5,68
3,5,70
3,5,79
3,5,84
3,5,85
3,5,88
3,6,1
3,6,2
3,6,3
3,6,4
3,6,5
3,6,8
3,6,9
3,6,10
3,6,11
3,6,26
3,6,27
3,6,28
3,6,29
3,6,30
3,6,31
3,6,43
3,6,44
3,6,48
3,6,54
3,6,61
3,6,62
3,6,63
3,6,69
3,6,71
3,6,72
3,6,77
3,6,78
3,6,81
3,6,82
3,6,83
4,7,1
4,7,2
4,7,3
4,7,4
4,7,5
4,7,6
4,7,7
4,7,8
4,7,9
4,7,10
4,7,11
4,7,12
4,7,13
4,7,14
4,7,15
4,7,16
4,7,17
4,7,18
4,7,19
4,7,20
4,7,21
4,7,22
4,7,23
4,7,24
4,7,25
4,7,26
4,7,27
4,7,28
4,7,29
4,7,30
4,7,31
4,7,32
5,8,1
5,8,2
5,8,3
5,8,4
5,8,5
5,8,6
5,8,7
5,8,8
5,8,9
5,8,10
5,8,11
5,8,12
5,8,13
5,8,14
5,8,16
5,8,17
5,8,18
5,8,19
5,8,38
5,8,39
5,8,40
5,8,41
5,8,42
5,8,43
5,8,44
5,8,45
5,8,46
5,8,78
5,9,15
5,9,20
5,9,21
5,9,22
5,9,23
5,9,24
5,9,25
5,9,26
5,9,27
5,9,28
5,9,29
5,9,30
5,9,31
5,9,32
5,9,33
5,9,34
5,9,35
5,9,36
5,9,37
5,9,76
5,10,47
5,10,48
5,10,49
5,10,50
5,10,51
5,10,52
5,10,53
5,10,54
5,10,55
5,10,56
5,10,57
5,10,58
5,10,59
5,10,60
5,10,61
5,10,62
5,10,63
5,10,64
5,10,65
5,10,66
5,10,67
5,10,68
5,10,69
5,10,70
5,10,71
5,10,72
5,10,73
5,10,74
5,10,75
6,11,1
6,11,2
6,11,3
6,11,4
6,11,5
6,11,6
6,11,7
6,11,8
6,11,9
6,11,10
6,11,11
6,11,12
6,11,13
6,11,14
6,11,15
6,11,16
6,11,17
6,11,18
6,11,19
6,11,20
6,11,21
6,11,22
6,11,23
6,11,24
6,11,25
6,11,26
6,11,27
6,11,118
6,12,28
6,12,29
6,12,30
6,12,31
6,12,32
6,12,33
6,12,34
6,12,35
6,12,36
6,12,37
6,12,38
6,12,39
6,12,40
6,12,41
6,12,42
6,12,43
6,12,44
6,12,45
6,12,46
6,12,47
6,12,49
6,12,50
6,12,51
6,12,52
6,12,53
6,12,54
6,12,55
6,12,56
6,12,57
6,12,58
6,12,59
6,13,48
6,13,60
6,13,61
6,13,62
6,13,63
6,13,64
6,13,65
6,13,66
6,13,67
6,13,68
6,13,69
6,13,70
6,13,71
6,13,72
6,13,73
6,13,74
6,13,75
6,13,76
6,13,77
6,13,78
6,13,79
6,13,80
6,13,81
6,13,117
6,14,82
6,14,83
6,14,84
6,14,85
6,14,86
6,14,87
6,14,88
6,14,89
6,14,90
6,14,91
6,14,92
6,14,93
6,14,94
6,14,95
6,14,96
6,14,97
6,14,98
6,14,99
6,14,100
6,14,101
6,14,102
6,14,103
6,14,104
6,14,105
6,14,106
6,14,107
6,14,108
6,14,109
6,14,110
6,14,111
6,14,112
6,14,113
7,15,1
7,15,2
7,15,3
7,15,4
7,15,5
7,15,6
7,15,7
7,15,8
7,15,9
7,15,10
7,15,11
7,15,12
7,15,13
7,15,14
7,15,15
7,15,16
7,15,17
7,15,18
7,15,19
7,15,20
7,15,21
7,15,22
7,15,23
7,15,24
7,15,25
7,15,26
7,15,27
7,15,28
7,15,29
7,15,30
7,15,31
7,15,32
7,15,33
7,15,34
7,15,35
7,15,36
7,15,37
7,15,38
7,15,39
7,15,40
7,15,41
7,15,42
7,15,43
8,16,1
8,16,2
8,16,3
8,16,4
8,16,5
8,16,6
8,16,7
8,16,8
8,16,9
8,16,10
8,16,11
8,16,12
8,16,13
8,16,14
8,16,15
8,16,16
8,16,17
8,16,18
8,16,19
8,16,20
8,16,21
8,16,22
8,16,23
8,16,24
8,16,25
8,16,26
8,16,27
8,16,28
8,16,29
8,16,30
8,16,31
8,16,32
8,16,33
8,17,34
8,17,35
8,17,36
8,17,37
8,17,38
8,17,39
8,17,40
8,17,41
8,17,42
8,17,43
8,17,44
8,17,45
8,17,46
8,17,47
8,17,48
8,17,49
8,17,50
8,17,51
8,17,52
8,17,53
8,17,54
9,18,1
9,18,2
9,18,3
9,18,4
9,18,5
9,18,6
9,18,7
9,18,8
9,18,9
9,18,10
9,18,11
9,18,12
9,18,13
9,18,14
9,18,15
9,18,16
9,18,17
9,18,18
9,18,19
9,18,20
9,18,21
9,18,22
9,18,96
9,19,23
9,19,24
9,19,25
9,19,26
9,19,27
9,19,28
9,19,29
9,19,30
9,19,31
9,19,32
9,19,33
9,19,34
9,19,35
9,19,36
9,19,37
9,19,38
9,19,39
9,19,40
9,19,41
9,19,93
9,19,97
9,20,42
9,20,43
9,20,44
9,20,45
9,20,46
9,20,47
9,20,48
9,20,49
9,20,50
9,20,51
9,20,52
9,20,53
9,20,54
9,20,55
9,20,56
9,20,57
9,20,58
9,20,59
9,20,60
9,20,61
9,20,62
9,20,63
9,20,64
9,20,94
9,20,95
9,21,65
9,21,66
9,21,67
9,21,68
9,21,69
9,21,70
9,21,71
9,21,72
9,21,73
9,21,74
9,21,75
9,21,76
9,21,77
9,21,78
9,21,79
9,21,80
9,21,81
9,21,82
9,21,83
9,21,84
9,21,85
9,21,86
9,21,87
9,21,88
9,21,89
9,21,90
9,21,91
9,21,92
10,22,1
10,22,2
10,22,3
10,22,4
10,22,5
10,22,6
10,22,7
10,22,8
10,22,9
10,22,10
10,22,11
10,22,12
10,22,13
10,22,14
10,22,15
10,22,16
10,22,17
10,22,18
10,22,19
10,22,20
10,22,21
10,22,22
10,22,23
10,22,107
10,22,108
10,22,109
10,22,110
10,23,24
10,23,25
10,23,26
10,23,27
10,23,28
10,23,29
10,23,30
10,23,31
10,23,32
10,23,33
10,23,34
10,23,35
10,23,36
10,23,37
10,23,38
10,23,39
10,23,40
10,23,41
10,23,42
10,23,43
10,23,44
10,23,45
10,23,46
10,23,47
10,23,48
10,23,49
10,23,50
10,23,51
10,23,52
10,23,53
10,24,54
10,24,55
10,24,56
10,24,57
10,24,58
10,24,59
10,24,60
10,24,61
10,24,62
10,24,63
10,24,64
10,24,65
10,24,66
10,24,67
10,24,68
10,24,69
10,24,70
10,24,72
10,24,73
10,24,74
10,24,75
10,24,76
10,24,77
10,24,78
10,24,79
10,24,80
10,24,81
10,24,82
10,24,83
10,24,84
10,24,85
10,25,86
10,25,87
10,25,88
10,25,89
10,25,90
10,25,91
10,25,92
10,25,93
10,25,94
10,25,95
10,25,96
10,25,97
10,25,98
10,25,99
10,25,100
10,25,101
10,25,102
10,25,103
10,25,104
10,25,105
10,25,106
10,25,111
11,1,11
11,2,12
11,3,13
11,4,14
11,5,15
11,5,16
11,6,17
11,6,18
11,6,19
11,8,20
11,8,21
11,8,22
11,9,23
11,10,24
11,11,25
11,11,26
11,11,27
11,12,28
11,12,29
11,13,30
11,13,31
11,13,32
11,14,33
11,14,34
11,15,35
11,16,36
11,17,40
11,17,41
11,17,42
11,17,43
11,18,44
11,18,45
11,18,46
11,18,50
11,19,47
11,19,48
11,19,49
11,20,38
11,20,39
11,21,37
11,101,1
11,101,2
11,101,3
11,101,5
11,101,8
11,102,4
11,102,6
11,102,7
11,102,9
11,102,10
12,1,6
12,1,50
12,2,7
12,2,48
12,3,8
12,3,9
12,4,10
12,4,11
12,5,12
12,5,13
12,6,14
12,6,15
12,6,16
12,7,17
12,7,18
12,8,19
12,8,20
12,8,21
12,8,43
12,10,22
12,10,23
12,10,49
12,11,25
12,12,26
12,12,27
12,13,28
12,14,29
12,14,30
12,15,31
12,15,32
12,15,33
12,16,34
12,17,35
12,18,36
12,18,37
12,18,38
12,19,39
12,20,40
12,21,41
12,21,42
12,21,44
12,22,24
12,22,45
12,23,51
12,101,1
12,101,2
12,101,47
12,102,3
12,102,4
12,102,5
12,102,46
13,1,1
13,1,2
13,1,30
13,2,9
13,2,10
13,2,11
13,2,35
13,3,3
13,3,4
13,4,27
13,4,28
13,4,29
13,5,12
13,5,13
13,6,5
13,6,31
13,7,25
13,7,26
13,7,34
13,8,22
13,8,23
13,9,6
13,9,7
13,9,8
13,10,17
13,10,32
13,11,24
13,12,18
13,12,19
13,12,20
13,13,21
13,13,33
13,14,14
13,14,15
13,14,16
14,2,4
14,3,14
14,4,6
14,5,8
14,5,9
14,5,10
14,6,12
14,6,13
14,7,5
14,8,16
14,8,17
14,9,15
14,9,23
14,10,18
14,11,7
14,11,22
14,12,11
14,12,21
14,101,1
14,101,2
14,101,20
14,102,3
14,102,19
15,2,28
15,3,25
15,3,26
15,3,27
15,3,33
15,4,16
15,4,17
15,5,24
15,6,10
15,6,11
15,7,18
15,7,19
15,7,20
15,7,21
15,7,22
15,7,35
15,7,36
15,8,14
15,8,15
15,9,29
15,9,34
15,10,4
15,11,6
15,11,7
15,12,12
15,12,13
15,12,37
15,13,23
15,14,5
15,14,31
15,15,8
15,15,9
15,15,32
15,101,1
15,101,3
15,102,2
15,102,30
16,2,6
16,3,7
16,4,8
16,4,9
16,4,10
16,4,11
16,4,12
16,5,13
16,5,14
16,5,15
16,5,30
16,6,16
16,6,17
16,6,18
16,7,19
16,7,20
16,8,21
16,8,22
16,8,23
16,9,24
16,10,25
16,10,26
16,11,27
16,11,28
16,101,1
16,101,2
16,101,3
16,102,4
16,102,5
16,102,29
17,2,14
17,2,15
17,2,52
17,3,16
17,4,17
17,4,18
17,5,19
17,6,20
17,6,51
17,7,21
17,7,22
17,7,53
17,8,23
17,8,48
17,9,24
17,9,25
17,9,49
17,10,26
17,10,27
17,10,50
17,11,28
17,11,43
17,12,29
17,12,31
17,13,32
17,13,33
17,13,34
17,14,35
17,14,36
17,15,37
17,15,38
17,15,39
17,15,54
17,16,40
17,16,47
17,17,41
17,17,42
17,18,30
17,101,1
17,101,2
17,101,3
17,101,4
17,101,5
17,101,44
17,102,6
17,102,7
17,102,8
17,102,9
17,102,45
17,104,10
17,104,11
17,104,12
17,104,13
17,104,46
18,2,5
18,2,26
18,3,6
18,3,7
18,3,27
18,4,8
18,4,24
18,5,9
18,5,16
18,6,10
18,7,11
18,7,12
18,7,28
18,8,13
18,9,14
18,10,15
18,11,17
18,12,18
18,12,19
18,13,20
18,13,21
18,13,29
18,14,22
18,15,23
18,101,1
18,101,3
18,101,4
18,102,2
18,102,25
19,1,1
19,1,2
19,1,20
19,2,3
19,2,4
19,2,5
19,3,6
19,3,7
19,4,8
19,5,9
19,5,10
19,6,11
19,7,12
19,8,13
19,8,14
19,8,15
19,9,16
19,10,17
19,11,18
19,12,19
20,1,16
20,1,17
20,1,18
20,2,9
20,2,10
20,2,11
20,2,12
20,2,13
20,2,14
20,2,15
20,3,1
20,3,2
20,3,3
20,3,4
20,3,5
20,3,6
20,3,7
20,3,8
20,4,75
20,4,76
20,4,77
20,4,78
20,4,79
20,4,80
20,4,81
20,4,82
20,4,83
20,4,84
20,5,19
20,5,20
20,5,21
20,5,22
20,5,23
20,5,24
20,5,25
20,5,26
20,5,27
20,5,28
20,6,65
20,6,66
20,6,67
20,6,68
20,6,69
20,6,70
20,6,71
20,6,72
20,6,73
20,6,74
20,7,29
20,7,30
20,7,31
20,7,32
20,7,33
20,7,34
20,7,35
20,7,36
20,7,37
20,7,38
20,7,39
20,7,40
20,8,48
20,8,49
20,8,50
20,8,51
20,8,52
20,8,53
20,8,54
20,8,55
20,8,56
20,9,41
20,9,42
20,9,43
20,9,44
20,9,45
20,9,46
20,9,47
20,10,57
20,10,58
20,10,59
20,10,60
20,10,61
20,10,62
20,10,63
20,10,64
21,2,10
21,2,11
21,2,12
21,3,13
21,4,14
21,4,15
21,4,16
21,5,17
21,5,18
21,5,19
21,5,20
21,6,21
21,6,22
21,7,23
21,7,24
21,8,25
21,8,26
21,8,27
21,9,28
21,9,29
21,10,30
21,10,31
21,10,32
21,11,33
21,11,34
21,11,35
21,11,36
21,11,37
21,11,38
21,11,39
21,11,63
21,12,40
21,12,41
21,12,42
21,13,43
21,13,44
21,13,45
21,14,46
21,14,47
21,14,48
21,14,49
21,14,50
21,14,51
21,15,52
21,15,53
21,15,54
21,16,55
21,16,56
21,17,57
21,18,58
21,18,59
21,19,60
21,19,61
21,101,1
21,101,2
21,101,3
21,102,5
21,102,7
21,102,8
21,103,4
21,103,6
21,103,9
21,103,62
22,2,8
22,2,9
22,2,71
22,2,87
22,3,10
22,3,11
22,3,12
22,3,13
22,3,14
22,3,15
22,3,72
22,3,73
22,4,16
22,4,17
22,5,18
22,5,19
22,5,20
22,5,74
22,6,21
22,6,75
22,7,22
22,7,23
22,7,24
22,7,25
22,7,76
22,7,77
22,8,26
22,8,27
22,8,78
22,9,28
22,10,29
22,10,30
22,10,31
22,10,32
22,10,33
22,10,79
22,10,88
22,11,34
22,11,35
22,11,36
22,11,37
22,11,38
22,11,39
22,11,80
22,12,40
22,12,41
22,12,42
22,12,81
22,13,43
22,13,44
22,13,45
22,13,46
22,13,47
22,13,82
22,14,48
22,14,49
22,14,50
22,14,83
22,14,89
22,15,51
22,15,52
22,15,53
22,15,54
22,15,90
22,16,55
22,16,56
22,16,57
22,16,58
22,16,59
22,16,84
22,17,60
22,18,61
22,18,62
22,18,63
22,101,1
22,101,6
22,101,64
22,101,66
22,101,86
22,102,2
22,102,3
22,102,4
22,102,5
22,102,85
22,103,7
22,103,65
22,103,67
22,103,68
22,103,69
23,2,8
23,2,9
23,2,10
23,2,62
23,3,11
23,3,12
23,3,13
23,3,14
23,4,15
23,4,16
23,4,17
23,4,18
23,4,19
23,4,20
23,4,21
23,5,22
23,5,23
23,5,24
23,5,25
23,6,26
23,6,27
23,6,28
23,6,29
23,7,30
23,7,31
23,7,32
23,7,33
23,8,34
23,8,35
23,8,36
23,8,37
23,8,38
23,8,39
23,8,40
23,9,41
23,9,42
23,10,43
23,10,44
23,10,45
23,10,46
23,11,47
23,11,48
23,11,49
23,11,50
23,11,51
23,12,52
23,13,53
23,13,54
23,13,55
23,13,56
23,14,57
23,14,58
23,14,59
23,14,60
23,101,1
23,101,2
23,101,3
23,101,61
23,102,4
23,102,5
23,102,6
23,102,7
24,2,3
24,2,4
24,2,5
24,2,6
24,2,7
24,3,8
24,3,9
24,3,10
24,4,11
24,4,12
24,4,27
24,5,13
24,5,14
24,5,15
24,6,16
24,6,17
24,6,18
24,6,49
24,7,19
24,7,20
24,7,21
24,8,22
24,8,50
24,9,23
24,9,24
24,9,25
24,10,26
24,10,28
24,10,29
24,10,30
24,10,31
24,11,32
24,12,33
24,12,34
24,13,35
24,14,36
24,14,37
24,14,38
24,14,39
24,14,40
24,15,41
24,15,42
24,15,43
24,15,44
24,15,45
24,16,46
24,16,47
24,101,1
24,101,2
24,101,48
25,1,1
25,1,2
25,1,3
25,1,4
25,2,11
25,2,12
25,3,8
25,3,9
25,4,37
25,5,28
25,6,20
25,6,21
25,7,5
25,7,6
25,7,7
25,8,39
25,9,16
25,9,17
25,9,18
25,9,19
25,10,13
25,10,14
25,10,15
25,11,36
25,12,38
25,13,30
25,14,25
25,15,10
25,16,26
25,17,22
25,18,29
25,19,43
25,20,34
25,21,31
25,22,27
25,23,33
25,24,35
25,25,40
25,26,41
25,27,42
25,28,45
25,29,23
25,29,24
25,30,32
26,1,1
26,1,2
26,1,3
26,1,4
26,2,5
26,2,6
26,2,7
26,3,14
26,3,15
26,3,16
26,4,24
26,5,35
26,6,10
26,6,11
26,6,12
26,6,13
26,7,21
26,8,27
26,8,28
26,9,25
26,10,37
26,11,33
26,11,34
26,12,32
26,13,8
26,13,9
26,13,40
26,14,26
26,15,38
26,15,39
26,16,36
26,17,20
26,18,22
26,18,23
26,18,41
26,19,29
26,19,30
26,19,31
26,20,17
26,20,18
26,20,19
27,2,7
27,2,8
27,3,12
27,3,13
27,4,9
27,5,14
27,5,15
27,5,16
27,5,17
27,5,18
27,5,44
27,6,19
27,6,20
27,7,21
27,7,22
27,7,23
27,7,24
27,7,25
27,7,42
27,8,26
27,8,27
27,8,28
27,8,29
27,8,30
27,9,10
27,9,11
27,9,39
27,9,40
27,9,41
27,9,43
27,9,45
27,10,31
27,10,32
27,11,33
27,11,34
27,11,35
27,12,36
27,13,37
27,13,38
27,101,1
27,101,5
27,101,6
27,102,2
27,102,3
27,102,4
28,2,4
28,2,5
28,2,6
28,2,47
28,2,53
28,3,7
28,3,8
28,4,9
28,4,10
28,4,11
28,5,12
28,5,13
28,5,14
28,5,28
28,5,44
28,6,15
28,7,16
28,7,17
28,8,18
28,8,48
28,9,19
28,9,20
28,10,21
28,10,22
28,10,24
28,10,25
28,10,26
28,10,50
28,11,27
28,12,29
28,12,30
28,12,31
28,12,32
28,12,33
28,13,34
28,14,35
28,15,36
28,15,37
28,15,38
28,16,39
28,16,40
28,16,45
28,16,46
28,17,41
28,17,42
28,18,43
28,101,1
28,101,49
28,102,2
28,102,3
29,1,1
29,1,2
29,2,3
29,2,4
29,3,5
29,3,6
29,4,7
29,4,8
29,5,9
29,6,10
30,2,7
30,2,8
30,3,9
30,3,10
30,4,11
30,5,12
30,6,13
30,6,14
30,6,36
30,7,15
30,8,16
30,9,17
30,9,18
30,10,19
30,10,20
30,11,21
30,12,22
30,12,23
30,12,37
30,13,24
30,13,25
30,13,26
30,13,27
30,14,28
30,15,29
30,15,38
30,16,30
30,17,31
30,101,1
30,101,32
30,101,33
30,102,2
30,102,4
30,102,35
30,103,3
30,103,5
30,103,6
30,103,34
32,2,25
32,2,26
32,2,27
32,2,87
32,3,28
32,3,29
32,3,30
32,3,31
32,4,32
32,4,33
32,4,34
32,4,35
32,4,88
32,4,97
32,4,102
32,5,36
32,5,37
32,6,38
32,6,39
32,7,40
32,7,41
32,7,42
32,7,43
32,7,103
32,8,44
32,8,45
32,8,46
32,8,47
32,9,48
32,9,49
32,9,50
32,9,98
32,9,100
32,11,54
32,11,55
32,11,56
32,11,57
32,11,86
32,11,89
32,12,58
32,12,99
32,13,59
32,13,60
32,13,104
32,14,61
32,14,90
32,15,62
32,15,63
32,15,91
32,16,64
32,16,65
32,16,66
32,16,92
32,16,93
32,17,67
32,17,68
32,18,69
32,18,70
32,18,105
32,18,106
32,19,71
32,19,72
32,19,73
32,19,74
32,19,94
32,20,75
32,20,76
32,20,77
32,21,78
32,21,79
32,101,1
32,101,2
32,101,3
32,101,4
32,101,5
32,101,51
32,101,52
32,101,53
32,102,6
32,102,7
32,102,8
32,102,10
32,102,11
32,102,80
32,102,81
32,103,9
32,103,12
32,103,13
32,103,14
32,103,82
32,103,95
32,103,101
32,104,15
32,104,16
32,104,17
32,104,18
32,104,83
32,104,85
32,105,19
32,105,20
32,105,21
32,105,22
32,105,23
32,105,84
32,105,96
33,2,4
33,2,5
33,2,6
33,2,36
33,2,38
33,3,7
33,4,8
33,5,9
33,5,40
33,6,10
33,6,11
33,7,12
33,7,13
33,7,14
33,8,15
33,8,16
33,8,17
33,9,18
33,10,19
33,10,35
33,11,20
33,11,21
33,11,22
33,12,23
33,12,24
33,13,25
33,13,37
33,14,26
33,14,41
33,15,27
33,15,28
33,15,29
33,16,30
33,17,31
33,101,1
33,101,2
33,102,3
33,102,34
33,102,39
35,2,16
35,2,17
35,2,18
35,2,19
35,2,20
35,2,21
35,2,22
35,2,47
35,3,23
35,3,24
35,3,25
35,3,51
35,4,26
35,4,27
35,4,28
35,5,29
35,5,48
35,6,30
35,6,31
35,7,32
35,7,33
35,7,34
35,8,35
35,9,36
35,9,52
35,10,37
35,10,38
35,11,39
35,11,40
35,12,41
35,13,15
35,101,2
35,101,3
35,101,4
35,101,5
35,101,44
35,102,1
35,102,6
35,102,10
35,102,14
35,102,43
35,103,7
35,103,8
35,103,9
35,103,11
35,103,45
35,103,46
35,104,12
35,104,13
35,104,42
35,104,49
35,104,50
36,2,10
36,2,30
36,3,11
36,3,12
36,3,29
36,4,13
36,5,14
36,8,15
36,8,16
36,9,17
36,9,24
36,10,18
36,11,19
36,12,20
36,12,21
36,12,22
36,13,23
36,101,1
36,101,2
36,101,3
36,101,28
36,102,4
36,102,6
36,102,7
36,102,26
36,102,27
36,103,5
36,103,8
36,103,9
36,103,25
37,2,9
37,2,10
37,2,11
37,2,33
37,3,12
37,4,13
37,5,14
37,5,35
37,6,15
37,7,16
37,8,17
37,9,18
37,10,19
37,11,20
37,12,21
37,12,34
37,13,22
37,14,23
37,15,24
37,15,25
37,15,26
37,16,27
37,101,4
37,101,5
37,101,6
37,101,32
37,102,3
37,102,7
37,102,8
37,102,30
37,102,31
37,103,1
37,103,2
37,103,28
37,103,29
38,1,1
38,2,2
38,3,3
38,4,4
38,5,5
38,6,6
38,7,7
38,7,18
38,8,8
38,9,9
38,10,10
38,11,11
38,11,17
38,12,12
38,12,16
38,13,13
38,14,14
38,15,15
39,1,1
39,1,2
39,1,23
39,2,3
39,3,4
39,4,5
39,4,6
39,5,7
39,5,8
39,6,9
39,6,10
39,6,11
39,7,12
39,8,13
39,8,14
39,9,15
39,10,16
39,10,17
39,11,18
39,11,19
39,12,20
39,12,21
39,12,22
40,2,5
40,2,6
40,2,7
40,2,8
40,3,9
40,3,10
40,3,11
40,4,12
40,4,13
40,4,14
40,4,15
40,4,16
40,5,17
40,5,18
40,5,19
40,5,20
40,5,21
40,6,22
40,6,23
40,7,24
40,7,68
40,8,25
40,8,26
40,8,27
40,9,28
40,9,29
40,9,30
40,9,31
40,9,32
40,9,33
40,10,34
40,10,35
40,10,36
40,10,37
40,10,38
40,10,39
40,11,40
40,11,41
40,12,42
40,13,43
40,13,44
40,13,45
40,13,46
40,13,47
40,13,48
40,14,49
40,14,50
40,14,69
40,15,51
40,15,52
40,15,53
40,16,54
40,17,55
40,17,56
40,17,57
40,17,58
40,18,59
40,19,60
40,20,61
40,21,62
40,22,63
40,22,64
40,22,65
40,101,1
40,101,2
40,101,66
40,102,3
40,102,4
40,102,67
40,102,70
41,2,4
41,2,5
41,2,6
41,3,7
41,3,8
41,3,9
41,3,10
41,3,11
41,4,12
41,4,13
41,4,14
41,4,15
41,4,16
41,4,17
41,5,18
41,5,19
41,5,20
41,6,21
41,6,22
41,6,23
41,6,24
41,6,35
41,7,25
41,7,26
41,7,27
41,7,28
41,8,29
41,8,30
41,8,31
41,9,32
41,9,33
41,10,34
41,10,36
41,101,1
41,101,2
41,102,3
41,102,37
43,1,1
43,1,2
43,2,3
43,3,4
43,4,5
43,5,6
43,6,7
43,7,8
43,8,9
43,9,10
43,10,11
43,10,12
43,11,13
43,11,14
43,12,15
43,13,16
43,14,17
43,14,18
43,15,19
43,16,20
43,17,21
43,17,22
43,18,23
44,1,5
44,1,37
44,2,24
44,2,25
44,2,26
44,3,9
44,3,10
44,4,22
44,4,23
44,5,6
44,5,7
44,6,1
44,6,2
44,7,16
44,7,17
44,7,18
44,8,14
44,8,15
44,9,19
44,9,20
44,9,21
44,10,8
44,11,33
44,11,34
44,12,35
44,12,36
44,13,3
44,14,12
44,14,13
44,15,30
44,15,31
44,16,32
44,17,27
44,17,28
44,17,29
44,18,4
44,19,11
45,1,1
45,1,37
45,2,2
45,2,3
45,2,4
45,3,5
45,4,6
45,4,7
45,4,41
45,5,8
45,5,9
45,5,10
45,6,11
45,6,12
45,6,13
45,6,39
45,7,14
45,7,40
45,8,15
45,9,16
45,9,17
45,9,18
45,9,19
45,10,20
45,10,21
45,11,22
45,11,23
45,11,33
45,11,36
45,12,24
45,12,32
45,13,25
45,13,34
45,13,35
45,14,26
45,14,27
45,14,28
45,15,29
45,15,30
45,16,31
45,16,38
46,1,1
46,1,2
46,1,17
46,2,12
46,2,13
46,2,23
46,3,3
46,3,4
46,3,21
46,4,14
46,4,15
46,4,19
46,4,20
46,5,9
46,5,10
46,5,11
46,6,16
46,7,7
46,7,8
46,7,18
46,7,22
46,8,5
46,8,6
47,1,1
47,1,2
47,2,3
47,2,4
47,2,5
47,2,27
47,3,6
47,3,7
47,3,8
47,3,9
47,3,10
47,4,11
47,4,12
47,5,13
47,6,14
47,6,15
47,6,16
47,7,17
47,7,18
47,7,19
47,8,20
47,8,21
47,9,22
47,9,23
47,9,24
47,9,25
47,10,26
47,11,28
47,12,29
47,12,31
47,13,32
47,13,33
47,14,34
47,14,35
47,15,36
47,15,37
47,16,30
47,16,38
47,16,39
47,16,40
48,1,1
48,1,2
48,2,3
48,3,4
48,3,5
48,3,6
48,3,7
48,4,8
48,5,9
48,6,10
48,7,11
48,7,12
48,7,35
48,8,13
48,9,14
48,9,15
48,9,16
48,10,17
48,10,18
48,10,19
48,11,20
48,12,21
48,12,22
48,13,23
48,13,24
48,13,25
48,13,34
48,14,26
48,14,36
48,15,27
48,16,28
48,17,29
48,18,30
48,19,31
48,20,32
48,20,33
48,20,37
49,2,4
49,2,5
49,3,6
49,4,7
49,4,30
49,5,8
49,6,9
49,6,10
49,7,11
49,8,15
49,8,16
49,9,17
49,9,33
49,10,18
49,11,19
49,11,27
49,12,12
49,12,13
49,12,29
49,13,14
49,14,20
49,14,28
49,15,21
49,15,31
49,16,22
49,16,32
49,17,23
49,18,24
49,19,25
49,101,1
49,101,2
49,102,3
49,102,26
50,2,7
50,2,8
50,2,9
50,2,10
50,2,11
50,2,12
50,2,13
50,2,14
50,2,54
50,2,57
50,3,15
50,3,16
50,4,17
50,4,18
50,4,19
50,4,20
50,4,21
50,4,22
50,4,56
50,5,23
50,5,24
50,5,25
50,6,26
50,6,27
50,6,28
50,6,29
50,6,30
50,7,31
50,7,32
50,7,33
50,7,55
50,8,34
50,8,35
50,9,36
50,9,37
50,9,38
50,9,39
50,10,40
50,10,41
50,11,42
50,11,43
50,11,44
50,11,45
50,11,46
50,11,47
50,12,48
50,12,49
50,12,50
50,13,51
50,13,52
50,13,53
50,101,1
50,101,4
50,101,5
50,102,2
50,102,3
50,102,6
51,2,11
51,3,12
51,4,13
51,4,49
51,5,14
51,5,44
51,6,15
51,6,52
51,7,16
51,8,17
51,8,18
51,9,19
51,9,20
51,9,21
51,10,22
51,10,23
51,10,24
51,10,25
51,11,26
51,11,27
51,12,28
51,12,29
51,13,30
51,13,31
51,14,32
51,14,53
51,15,33
51,15,34
51,15,35
51,16,36
51,16,37
51,16,38
51,16,50
51,17,39
51,18,40
51,18,51
51,19,41
51,101,4
51,101,5
51,101,6
51,101,7
51,101,8
51,101,42
51,101,47
51,102,1
51,102,2
51,102,3
51,102,45
51,103,9
51,103,10
51,103,43
51,103,46
51,103,48
52,2,12
52,2,13
52,2,24
52,2,30
52,3,9
52,3,10
52,4,19
52,4,20
52,5,15
52,6,16
52,6,17
52,6,18
52,7,14
52,7,28
52,8,11
52,8,29
52,9,8
52,9,27
52,10,21
52,11,4
52,11,5
52,11,25
52,12,6
52,12,7
52,12,26
52,13,22
52,101,1
52,101,2
52,102,3
52,102,23
53,1,1
53,1,2
53,1,3
53,2,4
53,2,5
53,3,6
53,3,26
53,4,7
53,5,8
53,5,27
53,6,9
53,6,28
53,7,10
53,8,11
53,8,29
53,9,12
53,10,13
53,11,14
53,11,30
53,12,15
53,13,16
53,14,17
53,14,18
53,15,19
53,16,20
53,17,21
53,18,22
53,18,23
53,18,31
53,19,24
53,20,25
54,2,15
54,2,45
54,3,27
54,4,38
54,5,28
54,5,29
54,5,30
54,5,49
54,6,37
54,7,24
54,7,25
54,7,26
54,8,22
54,8,47
54,9,23
54,9,48
54,10,20
54,10,21
54,11,16
54,11,17
54,11,46
54,12,31
54,12,32
54,13,33
54,13,34
54,14,35
54,14,36
54,15,18
54,15,19
54,101,1
54,101,4
54,101,10
54,101,42
54,101,44
54,102,2
54,102,11
54,102,14
54,102,41
54,102,50
54,103,3
54,103,12
54,103,13
54,103,39
54,103,40
54,103,43
54,104,5
54,104,6
54,104,7
54,104,8
54,104,9
55,2,5
55,3,6
55,4,7
55,5,8
55,5,9
55,6,10
55,6,28
55,7,11
55,8,12
55,8,13
55,8,29
55,9,14
55,9,15
55,9,25
55,10,16
55,10,17
55,10,18
55,10,19
55,11,20
55,11,21
55,12,22
55,12,23
55,101,1
55,101,2
55,101,24
55,101,26
55,102,3
55,102,4
55,102,27
56,2,45
56,3,21
56,4,29
56,4,30
56,4,31
56,5,32
56,5,33
56,5,52
56,6,15
56,6,16
56,6,17
56,6,18
56,7,41
56,7,42
56,7,55
56,7,56
56,8,37
56,8,38
56,8,39
56,8,40
56,8,49
56,8,53
56,9,34
56,9,35
56,9,36
56,9,54
56,10,23
56,11,24
56,11,25
56,12,43
56,12,44
56,13,19
56,13,20
56,13,58
56,14,14
56,14,26
56,14,27
56,14,51
56,15,28
56,16,22
56,16,50
56,101,1
56,101,2
56,101,6
56,101,46
56,101,47
56,101,57
56,102,3
56,102,4
56,102,5
56,102,10
56,102,11
56,102,12
56,102,13
56,103,7
56,103,8
56,103,9
56,103,48
57,2,26
57,2,27
57,2,28
57,3,21
57,3,22
57,3,23
57,4,9
57,4,10
57,4,11
57,5,18
57,5,19
57,5,37
57,6,12
57,6,13
57,6,14
57,6,15
57,7,29
57,7,30
57,8,20
57,9,16
57,9,17
57,10,24
57,10,25
57,101,1
57,101,2
57,101,3
57,101,31
57,101,32
57,102,4
57,102,5
57,102,6
57,102,33
57,102,35
57,103,7
57,103,8
57,103,34
57,103,36
58,2,8
58,2,9
58,2,10
58,2,63
58,3,11
58,3,12
58,3,13
58,3,64
58,4,14
58,4,15
58,4,16
58,4,65
58,5,17
58,5,18
58,6,19
58,6,20
58,6,21
58,6,22
58,7,23
58,7,24
58,8,25
58,8,26
58,8,27
58,9,28
58,9,29
58,9,30
58,9,31
58,9,32
58,10,33
58,10,66
58,11,34
58,11,35
58,12,36
58,12,37
58,12,38
58,12,39
58,13,40
58,13,41
58,14,42
58,14,43
58,14,44
58,14,67
58,15,45
58,15,46
58,15,62
58,16,47
58,16,48
58,17,49
58,17,50
58,17,51
58,17,52
58,101,1
58,101,7
58,101,53
58,101,54
58,101,55
58,101,59
58,102,4
58,102,5
58,102,6
58,102,56
58,102,61
58,103,2
58,103,3
58,103,57
58,103,58
58,103,60
59,1,63
59,1,66
59,1,68
59,1,69
59,1,70
59,1,71
59,1,72
59,1,73
59,1,74
59,1,76
59,1,77
59,1,86
59,1,87
59,1,88
59,1,89
59,1,90
59,1,91
59,1,92
59,1,93
59,1,94
59,1,95
59,1,96
59,1,97
59,1,98
59,1,100
59,1,104
59,2,55
59,2,56
59,2,61
59,2,62
59,2,64
59,2,65
59,2,67
59,2,78
59,2,79
59,2,80
59,2,81
59,2,82
59,2,83
59,2,85
59,3,46
59,3,47
59,3,48
59,3,49
59,3,50
59,3,51
59,3,52
59,3,53
59,3,54
59,3,57
59,3,58
59,3,59
59,3,60
59,4,31
59,4,32
59,4,33
59,4,34
59,4,35
59,4,36
59,4,37
59,4,38
59,4,39
59,4,42
59,4,43
59,4,44
59,4,45
59,5,24
59,5,25
59,5,26
59,5,27
59,5,28
59,5,29
59,5,30
59,5,40
59,5,41
59,5,118
59,5,119
59,6,14
59,6,15
59,6,16
59,6,17
59,6,18
59,6,20
59,6,21
59,6,22
59,6,23
59,7,1
59,7,2
59,7,3
59,7,4
59,7,5
59,7,6
59,7,7
59,7,8
59,7,9
59,7,10
59,7,11
59,7,12
59,7,13
59,8,99
59,8,101
59,8,115
59,8,116
59,8,117
59,8,120
59,8,121
59,8,122
59,8,123
59,8,124
59,8,125
59,8,126
59,9,102
59,9,103
59,9,105
59,9,106
59,9,107
59,9,108
59,9,109
59,9,110
59,9,111
59,9,112
59,9,113
59,9,114
60,2,11
60,2,12
60,3,13
60,3,58
60,4,14
60,4,15
60,5,16
60,5,59
60,6,17
60,6,18
60,7,19
60,8,20
60,8,21
60,8,22
60,9,23
60,10,24
60,10,60
60,11,25
60,11,26
60,12,27
60,12,28
60,13,29
60,14,30
60,15,31
60,15,32
60,16,33
60,17,34
60,18,35
60,18,36
60,18,37
60,19,38
60,20,39
60,21,40
60,21,41
60,21,42
60,21,61
60,22,43
60,23,44
60,24,45
60,24,46
60,24,47
60,25,48
60,25,49
60,25,62
60,26,50
60,26,51
60,27,52
60,28,53
60,29,54
60,101,1
60,101,2
60,101,4
60,101,5
60,102,6
60,102,7
60,102,9
60,102,56
60,103,3
60,103,8
60,103,10
60,103,55
60,103,57
61,2,5
61,2,6
61,2,7
61,3,8
61,4,9
61,5,10
61,6,11
61,7,12
61,7,13
61,8,14
61,8,15
61,8,16
61,9,17
61,9,18
61,9,19
61,9,20
61,10,21
61,11,22
61,11,23
61,11,24
61,12,25
61,12,26
61,13,27
61,13,38
61,14,28
61,14,29
61,15,30
61,15,31
61,15,32
61,15,33
61,15,34
61,16,35
61,16,36
61,101,1
61,101,3
61,102,2
61,102,4
61,102,37
62,1,1
62,1,38
62,2,2
62,2,3
62,3,4
62,3,5
62,4,6
62,5,7
62,6,8
62,7,9
62,8,10
62,9,11
62,9,12
62,10,13
62,11,14
62,12,15
62,12,16
62,13,17
62,14,18
62,14,19
62,14,20
62,15,21
62,15,22
62,15,23
62,16,24
62,16,25
62,17,26
62,17,27
62,18,28
62,18,29
62,18,30
62,19,31
62,20,32
62,21,33
62,22,34
62,23,35
62,23,36
62,23,37
63,2,4
63,3,5
63,4,6
63,5,7
63,5,23
63,6,8
63,7,9
63,7,22
63,8,10
63,9,11
63,9,24
63,10,12
63,11,13
63,12,14
63,12,15
63,13,16
63,14,17
63,15,18
63,16,19
63,101,1
63,101,3
63,102,2
63,102,20
63,102,21
64,2,20
64,3,21
64,4,22
64,5,23
64,6,24
64,7,25
64,7,41
64,8,26
64,8,27
64,9,28
64,10,29
64,10,30
64,11,31
64,11,32
64,12,33
64,13,34
64,13,35
64,14,36
64,14,37
64,14,38
64,15,39
64,15,40
64,101,1
64,101,2
64,101,3
64,101,4
64,101,10
64,101,19
64,102,5
64,102,6
64,102,7
64,102,8
64,102,9
64,103,11
64,103,12
64,103,13
64,103,14
64,103,42
64,103,43
64,104,15
64,104,16
64,104,17
64,104,18
65,2,5
65,2,6
65,2,7
65,3,8
65,3,9
65,4,10
65,4,11
65,5,12
65,6,13
65,6,14
65,6,15
65,6,38
65,7,16
65,8,17
65,8,18
65,9,19
65,9,20
65,10,21
65,11,22
65,11,23
65,12,24
65,12,25
65,13,26
65,13,39
65,14,27
65,14,28
65,15,29
65,16,30
65,17,31
65,18,32
65,18,33
65,19,34
65,20,35
65,21,36
65,101,1
65,101,3
65,101,37
65,102,2
65,102,4
66,2,5
66,3,4
66,4,6
66,5,7
66,5,29
66,6,8
66,7,9
66,8,10
66,9,11
66,9,30
66,10,12
66,10,31
66,11,13
66,12,14
66,13,15
66,13,16
66,13,17
66,14,18
66,15,19
66,15,20
66,16,21
66,16,32
66,17,22
66,18,23
66,19,24
66,20,25
66,21,26
66,21,27
66,101,1
66,101,3
66,102,2
66,102,28
67,2,31
67,3,32
67,3,91
67,4,33
67,4,34
67,5,35
67,6,36
67,6,37
67,6,92
67,7,38
67,7,39
67,8,40
67,9,41
67,9,42
67,9,43
67,9,93
67,10,44
67,11,45
67,12,46
67,12,47
67,12,48
67,12,94
67,13,49
67,13,50
67,13,95
67,13,96
67,14,51
67,14,52
67,14,97
67,15,53
67,15,54
67,16,55
67,16,56
67,17,57
67,17,58
67,18,59
67,18,60
67,19,61
67,20,62
67,20,98
67,21,63
67,21,99
67,22,64
67,22,65
67,22,66
67,22,100
67,23,67
67,24,68
67,25,69
67,25,101
67,26,70
67,26,71
67,26,72
67,26,102
67,27,73
67,27,74
67,27,103
67,28,75
67,29,76
67,29,77
67,29,106
67,30,78
67,30,104
67,31,79
67,31,108
67,101,1
67,101,4
67,101,6
67,101,8
67,101,9
67,101,11
67,101,13
67,101,83
67,101,90
67,102,10
67,102,12
67,102,18
67,102,20
67,102,21
67,102,23
67,102,84
67,102,87
67,103,2
67,103,3
67,103,5
67,103,7
67,103,29
67,103,30
67,103,80
67,103,81
67,103,82
67,104,14
67,104,15
67,104,16
67,104,17
67,104,19
67,104,22
67,104,85
67,104,86
67,104,88
67,105,24
67,105,25
67,105,26
67,105,27
67,105,28
67,105,89
67,105,105
68,2,5
68,2,6
68,2,7
68,2,8
68,2,26
68,3,9
68,4,10
68,4,11
68,5,12
68,6,13
68,7,14
68,8,15
68,9,16
68,10,17
68,10,28
68,11,18
68,11,19
68,12,20
68,13,21
68,13,22
68,14,23
68,14,27
68,101,4
68,101,24
68,101,25
68,102,1
68,102,2
68,102,3
69,1,1
69,1,2
69,1,3
69,1,27
69,2,4
69,2,5
69,3,6
69,4,7
69,5,8
69,5,9
69,6,10
69,6,11
69,6,12
69,6,13
69,7,14
69,8,15
69,8,16
69,9,17
69,10,18
69,10,19
69,10,20
69,11,21
69,12,22
69,12,23
69,13,24
69,13,25
69,13,26
70,1,10
70,1,11
70,1,15
70,1,25
70,1,28
70,2,12
70,2,13
70,2,14
70,2,24
70,2,29
70,3,1
70,3,2
70,3,3
70,3,8
70,3,9
70,3,23
70,3,30
70,4,4
70,4,5
70,4,7
70,4,22
70,4,27
70,4,31
70,4,33
70,4,34
70,5,16
70,5,17
70,5,18
70,5,19
70,5,20
70,5,21
70,5,26
79,1,42
79,1,43
79,1,45
79,1,57
79,1,59
79,1,81
79,1,96
79,1,97
79,1,98
79,1,102
79,2,4
79,2,36
79,2,37
79,2,38
79,2,39
79,2,40
79,2,41
79,2,50
79,2,60
79,2,73
79,3,29
79,3,30
79,3,32
79,3,33
79,3,35
79,3,46
79,3,56
79,3,63
79,3,71
79,3,72
79,3,74
79,4,82
79,4,83
79,4,84
79,4,85
79,4,86
79,4,87
79,4,93
79,4,94
79,4,95
79,4,99
79,4,101
79,5,24
79,5,25
79,5,26
79,5,27
79,5,28
79,5,44
79,5,55
79,5,61
79,5,62
79,5,64
79,5,103
79,6,1
79,6,2
79,6,3
79,6,7
79,6,8
79,6,9
79,6,34
79,6,48
79,6,51
79,6,66
79,6,70
79,7,6
79,7,10
79,7,12
79,7,13
79,7,14
79,7,49
79,7,52
79,7,53
79,7,65
79,8,11
79,8,15
79,8,16
79,8,17
79,8,18
79,8,19
79,8,31
79,8,54
79,8,68
79,9,20
79,9,21
79,9,22
79,9,23
79,9,47
79,9,58
79,9,67
79,9,69
79,9,75
79,9,104
79,10,76
79,10,77
79,10,78
79,10,79
79,10,88
79,10,89
79,10,90
79,10,91
79,10,92
79,10,100
80,1,1
80,1,2
80,1,3
80,1,4
80,1,5
80,2,6
80,2,7
80,2,8
80,2,9
80,2,10
80,3,11
80,3,12
80,3,13
80,4,14
80,4,15
80,4,16
80,4,17
80,5,18
80,5,19
80,6,20
80,6,21
80,7,22
80,7,23
80,7,24
80,8,25
80,8,26
80,8,27
80,8,28
80,8,31
80,9,29
80,9,30
81,2,11
81,2,12
81,2,56
81,2,64
81,3,13
81,3,14
81,3,15
81,3,16
81,3,17
81,3,18
81,3,63
81,4,19
81,4,57
81,5,20
81,6,21
81,6,22
81,7,23
81,8,24
81,8,61
81,9,25
81,10,26
81,10,27
81,10,28
81,10,55
81,11,29
81,11,30
81,11,65
81,12,31
81,12,32
81,12,60
81,13,33
81,13,34
81,13,35
81,14,36
81,14,37
81,15,38
81,15,39
81,15,40
81,15,62
81,16,41
81,16,42
81,17,43
81,17,44
81,17,58
81,18,45
81,19,46
81,19,47
81,20,48
81,20,49
81,20,50
81,20,59
81,101,1
81,101,2
81,101,3
81,101,51
81,101,52
81,102,4
81,102,5
81,102,6
81,102,7
81,102,53
81,103,8
81,103,9
81,103,10
81,103,54
82,1,1
82,1,2
82,1,3
82,1,4
82,1,46
82,2,5
82,2,6
82,2,7
82,2,8
82,3,9
82,3,10
82,3,11
82,3,12
82,3,13
82,4,14
82,4,15
82,4,16
82,4,17
82,4,47
82,4,48
82,5,18
82,5,19
82,5,20
82,5,21
82,5,22
82,5,44
82,5,49
82,6,23
82,6,24
82,6,25
82,6,26
82,6,27
82,6,28
82,7,29
82,7,30
82,7,31
82,7,32
82,8,33
82,8,34
82,8,35
82,8,36
82,8,37
82,9,38
82,9,39
82,9,40
82,9,41
82,9,42
82,9,43
82,9,45
83,2,8
83,2,9
83,2,10
83,2,11
83,3,37
83,4,18
83,4,19
83,4,20
83,4,21
83,4,22
83,4,23
83,4,45
83,5,30
83,5,31
83,6,28
83,6,29
83,6,32
83,6,33
83,6,34
83,6,35
83,6,36
83,6,46
83,8,43
83,8,44
83,9,38
83,9,39
83,9,40
83,9,41
83,9,42
83,10,12
83,10,13
83,10,14
83,10,15
83,10,16
83,10,17
83,11,27
83,12,24
83,12,25
83,12,26
83,13,1
83,13,2
83,13,3
83,13,4
83,13,5
83,13,6
83,13,7
84,1,1
84,2,2
84,3,3
84,3,4
84,3,5
84,3,6
84,3,7
84,3,8
84,3,9
84,3,10
84,3,47
84,4,11
84,4,12
84,5,13
84,5,14
84,5,15
84,5,16
84,5,17
84,5,46
84,5,52
84,5,53
84,6,18
84,6,19
84,6,20
84,6,21
84,7,22
84,7,23
84,7,48
84,8,24
84,8,25
84,8,26
84,8,51
84,9,27
84,9,28
84,10,29
84,10,30
84,10,31
84,10,32
84,10,33
84,10,45
84,10,54
84,11,34
84,11,35
84,11,36
84,12,37
84,12,38
84,12,39
84,12,40
84,12,41
84,12,49
84,12,50
84,13,42
84,13,43
84,13,44
